{
    "camera1": {
        "camera matrix": [
            [
                545.0142538094475, 
                0.0, 
                319.07372967347777
            ], 
            [
                0.0, 
                546.6497429492897, 
                229.83302333138153
            ], 
            [
                0.0, 
                0.0, 
                1.0
            ]
        ], 
        "distortion coef": [
            [
                -0.042397554480081534, 
                -1.747956112093673, 
                -0.0007105271747346363, 
                -0.00011036578175146177, 
                13.299770404516769
            ]
        ]
    }
}