{
    "camera2": {
        "camera matrix": [
            [
                553.58426099324, 
                0.0, 
                309.6652904871433
            ], 
            [
                0.0, 
                554.499018879996, 
                239.92258441535836
            ], 
            [
                0.0, 
                0.0, 
                1.0
            ]
        ], 
        "distortion coef": [
            [
                -0.08720443355236664, 
                -0.046081230549270574, 
                0.0026768061442082923, 
                0.002056292328298397, 
                1.3457017266740556
            ]
        ]
    }
}