{
    "camera3": {
        "camera matrix": [
            [
                554.6764548842539, 
                0.0, 
                332.83303686590114
            ], 
            [
                0.0, 
                556.3726885764399, 
                227.88293845700957
            ], 
            [
                0.0, 
                0.0, 
                1.0
            ]
        ], 
        "distortion coef": [
            [
                -0.09097367576654385, 
                -0.331143674796641, 
                -0.0014942308576396239, 
                -0.0035908399347637622, 
                1.8310460510811333
            ]
        ]
    }
}